ID	price	bedrooms	bathrooms	sqft_living	sqft_lot
1	221900	3	1	1180	5650
2	538000	3	2.25	2570	7242
3	180000	2	1	770	10000
4	510000	3	2	1680	8080
5	1230000	4	4.5	5420	101930
6	257500	3	2.25	1715	6819
7	291850	3	1.5	1060	9711
8	229500	3	1	1780	7470
9	323000	3	2.5	1890	6560
10	662500	3	2.5	3560	9796
11	468000	2	1	1160	6000
12	310000	3	1	1430	19901
13	400000	3	1.75	1370	9680
14	530000	5	2	1810	4850
15	650000	4	3	2950	5000
16	395000	3	2	1890	14040
17	485000	4	1	1600	4300
18	189000	2	1	1200	9850
19	385000	4	1.75	1620	4980
20	2000000	3	2.75	3050	44867
21	285000	5	2.5	2270	6300
22	252700	2	1.5	1070	9643
23	329000	3	2.25	2450	6500
24	233000	3	2	1710	4697
25	937000	3	1.75	2450	2691
26	667000	3	1	1400	1581
27	438000	3	1.75	1520	6380
28	719000	4	2.5	2570	7173
29	280000	2	1.5	1190	1265
30	687500	4	1.75	2330	5000
31	535000	3	1	1090	3000
32	322500	4	2.75	2060	6659
33	696000	3	2.5	2300	3060
34	550000	4	1	1660	34848
35	640000	4	2	2360	6000
36	605000	4	2.5	2620	7553
37	625000	4	2.5	2570	5520
38	775000	4	2.25	4220	24186
39	861990	5	2.75	3595	5639
40	685000	3	1	1570	2280
41	309000	3	1	1280	9656
42	488000	3	2.5	3160	13603
43	210490	3	1	990	8528
44	785000	4	2.5	2290	13416
45	1350000	3	2.5	2753	65005
46	228000	3	1	1190	9199
47	345000	5	2.5	3150	9134
48	600000	3	1.75	1410	4080
49	585000	2	1.75	1980	8550
50	885000	4	2.5	2830	5000
51	292500	4	2.5	2250	4495
52	951000	5	3.25	3250	14342
53	289000	3	1.75	1260	8400
54	505000	3	1.75	2519	8690
55	425000	3	2.25	1660	6000
56	975000	4	2.5	2720	11049
57	287000	4	2.5	2240	4648
58	1040000	5	3.25	4770	50094
59	325000	3	2	1260	5612
60	360000	4	2.5	2380	5000
61	832500	4	4	3430	35102
62	380000	4	1.75	1760	7300
63	480000	3	1	1040	5060
64	720000	4	2.5	3450	39683
65	360000	4	2.5	1900	5889
66	355000	2	1	2020	6720
67	315000	3	1	960	6634
68	940000	3	1.5	2140	3600
69	305000	5	2.25	2660	8400
70	461000	3	3.25	2770	6278
71	215000	2	2.25	1610	2040
72	335000	2	1.75	1030	1066
73	1100000	5	2.75	3520	6353
74	153000	3	1	1200	10500
75	430000	3	1.5	1580	5000
76	700000	3	1.5	1580	5000
77	199000	4	1.5	1160	6400
78	314000	3	1.75	1810	41800
79	437500	3	2.5	2320	36847
80	555000	3	2	1980	3478
81	699950	3	2.25	2190	107593
82	1090000	3	2.5	2920	8113
83	460000	3	1	1670	4005
84	188500	2	1.75	1240	2493
85	597750	4	2.5	2310	9624
86	570000	3	1.75	1260	3328
87	329950	3	1.75	2080	5969
88	480000	4	2.5	3230	16171
89	740500	3	3.5	4380	6350
90	205425	2	1	880	6780
91	171800	4	2	1570	9600
92	535000	4	1	1610	2982
93	395000	2	1	770	6000
94	445000	4	1.75	2100	4400
95	770000	3	2.25	2910	10204
96	445000	3	2.25	2100	8201
97	260000	4	2.25	2160	8811
98	822500	5	3.5	2320	4960
99	430000	4	2.5	2070	4310
100	660500	4	2.25	2010	9603
101	784000	3	3.5	3950	111078
102	220000	4	1.75	2020	7840
103	519950	3	2.25	1170	1249
104	527700	5	2.5	2820	9375
105	205000	3	1	1610	8579
106	420000	3	1	1060	8097
107	500000	4	2.25	2030	8517
108	890000	4	1	2550	4000
109	430000	2	2.5	2420	60984
110	511000	3	1	1430	3455
111	532170	3	2	1360	3090
112	2250000	4	3.25	5180	19850
113	350000	1	1	700	5100
114	650000	5	3.5	3960	25245
115	320000	4	2.75	2640	7500
116	247000	3	2	1270	7198
117	320000	4	1.75	1760	11180
118	255000	5	2.25	2060	8632
119	438000	3	1.75	1780	9660
120	441000	3	2.75	1910	7280
121	420000	3	2	2020	38332
122	653000	3	2.5	2680	9750
123	272000	3	1.75	2160	7140
124	917500	4	2.5	3880	35003
125	673000	4	2.25	2590	8190
126	425000	3	2.5	1120	1100
127	399950	5	2.75	1970	5400
128	385000	3	1	1220	4800
129	269950	3	1.5	1950	7560
130	330000	2	1	1350	8220
131	470000	4	3	2380	5125
132	163500	2	1.5	1050	3419
133	1100000	5	3	4090	12850
134	269000	4	1.75	1490	10000
135	615000	4	1	1330	2400
136	305000	3	1.75	1650	9480
137	799000	3	2.5	2140	9897
138	400000	3	2.5	2180	7508
139	230000	3	1	1060	10228
140	256883	3	2.5	1690	5025
141	465000	3	2.5	2150	4084
142	440000	3	2.5	1910	66211
143	385000	3	1.75	1350	155073
144	210000	3	1	860	11725
145	297000	3	2.5	1940	14952
146	470000	3	1	1010	5000
147	274250	3	1	910	8450
148	840000	4	1.75	2480	11010
149	677900	3	2.5	2440	4587
150	425000	3	1	1010	5864
151	180250	2	0.75	900	9600
152	464000	6	3	2300	3404
153	465000	3	2.5	2714	17936
154	477000	4	2.75	1720	6270
155	280000	2	1	850	16400
156	1510000	5	3	3300	33474
157	445838	3	2.5	2250	5692
158	1070000	2	2.25	3900	14864
159	279950	3	2	1750	9750
160	527000	4	2.25	2330	19436
161	328000	3	2.25	2020	8379
162	390000	3	2.25	1250	7500
163	479950	2	2	1510	6516
164	264950	4	2.25	1720	9753
165	235000	3	1	1430	15246
166	315000	6	2.75	2940	7350
167	213000	2	1	1000	10200
168	475000	3	1.5	2480	5280
169	1030000	5	4	3760	28040
170	416000	3	2	2220	94300
171	410000	4	1	1970	4740
172	472000	6	2.5	4410	14034
173	225000	3	1.75	1430	8505
174	210000	2	1	830	6000
175	225000	3	1	1300	8316
176	480000	2	1	1030	3060
177	363000	3	2.5	2740	11872
178	2400000	4	2.5	3650	8354
179	181000	2	1.5	720	5120
180	250000	4	2	2010	7312
181	481000	3	1.75	1560	3000
182	260000	3	2	1810	7209
183	455000	4	2.5	3360	7685
184	415000	3	2.25	1510	36224
185	349500	3	1	1400	3538
186	245000	3	2.5	1730	7442
187	385000	4	1.75	2360	7620
188	315000	3	1.75	1580	11455
189	237000	3	1.75	1270	8470
190	525000	3	2.25	2100	40510
191	425000	2	1	770	5040
192	369900	1	0.75	760	10079
193	285000	3	1	1120	10701
194	415000	2	1	1070	4500
195	272500	3	2.5	2070	9900
196	2900000	4	3.25	5050	20100
197	436000	2	1	1040	7538
198	236000	3	1	1300	5898
199	331000	3	1.75	1080	1306
200	365000	3	2.5	2653	4510
201	450000	3	2	2290	16258
202	455000	4	2.5	2210	49375
203	170000	2	1	860	5265
204	2050000	5	3	3830	8480
205	780000	4	2.5	3500	7048
206	330000	3	3	2420	13959
207	370000	4	2.5	2720	8666
208	467000	5	2.25	2500	13500
209	405000	3	1.75	1670	6720
210	675000	5	2.25	2900	10300
211	500000	2	1	1640	14100
212	389999	4	2.5	1890	15770
213	360000	4	2.5	2160	9528
214	550000	3	2	1970	4166
215	879000	4	2.5	3360	22111
216	265000	3	2	1320	8959
217	446500	3	2.5	2650	7286
218	267500	3	1.75	1590	11914
219	3080000	4	5	4550	18641
220	335000	3	2.5	2440	7632
221	576000	3	2.5	1940	9000
222	208633	3	2.5	2040	3810
223	315000	3	2.25	2200	8750
224	725000	3	1.75	1920	3300
225	550000	4	2.75	1800	7750
226	550700	2	1	1010	5000
227	834000	4	2.5	2370	4000
228	2380000	5	2.5	3650	9050
229	1380000	4	3.25	4290	12103
230	1400000	4	3.25	4290	12103
231	305000	4	2.25	1950	7700
232	487000	3	2	2590	14052
233	390000	3	2.5	1930	64904
234	548000	2	1	1470	3864
235	268750	4	1	800	8775
236	819900	5	2.75	3150	7119
237	520000	3	2.25	2030	16200
238	230000	3	2	1450	11204
239	274975	3	2.5	3030	45004
240	740000	4	2	2050	4400
241	186375	3	1	1000	7636
242	790000	3	2.25	2370	10289
243	880000	4	3.5	2800	6750
244	279000	6	1.75	2240	11180
245	295000	3	2	1810	10530
246	260000	4	2.5	1960	5238
247	559900	3	2.75	2930	5569
248	265000	3	1.75	1420	8250
249	245000	3	1.75	1740	11547
250	485000	4	1.75	2560	43995
251	684000	4	3.5	3040	8414
252	425000	3	1.75	2500	6840
253	309600	4	1.75	1275	20000
254	552250	4	2.5	2580	5823
255	165000	4	1	1000	7134
256	239900	4	1	1000	7134
257	320000	2	1	1070	32633
258	387000	4	1.75	2500	7690
259	299000	1	0.75	560	12120
260	855000	4	2.75	2270	10460
261	315000	3	1	1900	14400
262	437500	2	1	990	3120
263	375000	4	1.75	2200	7475
264	300000	4	2.5	1910	4862
265	420000	4	1	1750	9600
266	900000	3	1	1330	77972
267	679900	3	2.5	2440	5750
268	463000	3	2.5	1640	29970
269	380000	5	2.5	2760	11340
270	604950	3	2.5	2110	5608
271	795000	5	2.5	3040	9570
272	465000	3	2	1840	40438
273	673000	4	2.5	2990	10400
274	785000	4	2.75	2440	69415
275	338000	4	3	2090	7500
276	280000	3	2.25	1430	7222
277	530000	4	2.25	2180	10754
278	730000	4	2.5	3230	7331
279	450000	3	1.75	1640	13500
280	275000	3	3	1590	7750
281	595000	4	2	2020	2849
282	435000	3	1.5	1300	3348
283	270000	2	1.5	1380	209959
284	950000	3	3	4040	14338
285	389000	4	2.25	2130	5337
286	560000	4	2.25	2550	7800
287	799000	4	2.25	2510	11585
288	365500	3	2	1410	9600
289	252350	3	2	1650	7352
290	403950	4	2.5	2120	13780
291	385000	4	1.5	2040	10726
292	345000	4	1	1550	7620
293	490000	3	2.75	1980	3128
294	330000	3	2.5	1600	26977
295	927000	4	2.75	3300	12090
296	1120000	4	2.5	3840	16619
297	330000	2	1	1220	10000
298	365000	4	2	1940	25600
299	378750	3	2.5	2160	3000
300	269900	4	1.75	1530	8750
301	352000	2	1	940	5000
302	437000	3	2.5	1750	22357
303	322500	4	2.5	1820	6753
304	450000	3	2	1290	1213
305	278500	3	2	1570	5250
306	364950	4	2.5	1930	6957
307	840000	4	3.5	2840	40139
308	268000	3	2.5	1550	8134
309	517534	2	1	833	143947
310	577500	3	2.5	2000	7251
311	339000	4	1.5	2390	7480
312	563500	4	1.75	2085	174240
313	423000	4	2.25	2200	9351
314	1550000	5	4.25	6070	171626
315	482000	2	1	950	3960
316	625000	3	1.75	1600	9135
317	538000	3	2.5	2250	11632
318	375000	2	1	940	5120
319	310000	5	1.75	2190	27260
320	1300000	3	2	2350	15021
321	397000	4	2	1440	7680
322	365000	3	2.5	2200	4052
323	1000000	4	2.5	2610	3277
324	237000	3	2.5	1490	2138
325	525000	4	2.5	2450	5280
326	749000	4	2.5	1710	9627
327	722500	5	2.5	4870	11800
328	438000	2	2	1270	1372
329	578000	3	1.75	2120	10875
330	227950	3	1.5	1670	8230
331	196000	3	2.25	2070	11576
332	641000	2	1	1420	5332
333	350000	3	1.5	1250	219978
334	205000	3	1	940	7980
335	400000	3	1.75	1920	9102
336	505000	3	2	1260	5460
337	475000	5	2.5	2340	7200
338	520000	3	2.25	2590	9263
339	1450000	3	4.5	3970	24920
340	691100	3	2.75	2360	16117
341	811000	3	1.75	1870	9897
342	551000	3	2.5	2830	5802
343	578000	4	2.5	3140	9225
344	255000	3	1.75	1240	8659
345	1050000	4	3.5	3450	7832
346	359500	4	2.25	2390	11250
347	80000	1	0.75	430	5050
348	465000	3	1.75	1480	6360
349	325000	4	2.5	1850	7324
350	340500	3	2	2270	28025
351	290900	2	2	1610	17600
352	868700	3	4.25	3840	6161
353	1200000	4	2.75	4110	8400
354	1150000	4	3.25	4190	10259
355	520000	4	2.25	1890	3006
356	460000	3	2.5	1610	2527
357	438924	3	1.5	1050	4590
358	315000	2	1	630	6550
359	590000	4	2.75	2910	10650
360	378500	4	1.75	1700	8640
361	849950	3	3	2990	9773
362	1390000	4	3.25	4860	181319
363	295000	4	2.5	2160	7725
364	207950	2	2	890	5000
365	699900	4	2.75	2810	7302
366	1280000	5	2.5	3400	9500
367	452000	4	1.5	1580	7350
368	370000	3	2	1680	5036
369	232000	3	1.75	1300	11230
370	669950	5	2.5	2820	14062
371	397500	3	2	1510	6710
372	490000	2	2.5	1230	1391
373	725000	4	2	2110	4140
374	625000	2	1.5	1490	5750
375	437500	3	2.5	2120	4500
376	650000	4	2.5	3180	5438
377	475000	2	1	1490	3825
378	342000	3	2	1930	11947
379	280000	3	1.5	1670	11610
380	442000	3	1	1190	5100
381	615000	2	1	1540	6872
382	1490000	4	3.75	4030	10800
383	480000	4	2.5	2600	7787
384	1100000	5	3.5	4410	57063
385	290000	4	1	1330	8184
386	615000	3	1.75	1900	5000
387	308000	3	1	1980	39150
388	750000	3	2.5	2400	7745
389	890000	4	3.25	3180	194278
390	288000	3	1	1190	7560
391	190000	2	1	630	6000
392	515000	5	3	2530	5105
393	275000	2	1	940	5000
394	727500	2	2	1240	9119
395	650000	4	2.5	3040	6587
396	1600000	6	5	6050	230652
397	365000	4	1	1590	7085
398	662000	3	1.75	2500	36947
399	270500	3	2.5	1780	7848
400	200000	2	1.5	1360	1898
401	970000	4	3.25	4740	76230
402	358000	3	2.25	1610	6655
403	452000	4	1.75	1570	8268
404	595000	2	2	1510	4000
405	249000	3	2	1360	6082
406	346900	4	2.5	1970	5106
407	2130000	3	2.5	5403	24069
408	280000	4	2.5	1560	4350
409	530000	3	2.25	2120	40518
410	375000	3	2.25	2120	18500
411	910000	4	2.5	3350	29242
412	782000	4	2.5	2380	9614
413	259950	2	2	1070	649
414	315000	4	2.75	2300	18360
415	705000	3	1.75	2180	10221
416	1450000	3	3	4380	6320
417	451000	3	1.75	1790	9813
418	261000	2	1	750	8125
419	725000	4	2.5	2990	29170
420	1950000	7	3.5	4640	15235
421	238000	4	1	1400	7242
422	750000	6	1.75	2750	9563
423	331500	4	2.5	2050	10271
424	404950	4	2.25	2340	217014
425	880000	3	2.5	2870	5163
426	863000	4	2.5	4120	22370
427	638700	3	1.75	2080	9162
428	435000	3	2.5	1840	5680
429	260000	3	1	1180	5350
430	671500	5	2.75	2160	4000
431	405000	2	0.75	1160	15029
432	338900	4	2.5	1830	5612
433	720000	4	4	3200	7708
434	442000	5	3	2560	5445
435	650000	5	2.75	2550	5040
436	263500	3	1.75	1330	9917
437	300000	2	1	1220	75794
438	266000	3	2.5	1805	3402
439	930000	4	4	6050	84942
440	530000	4	2.5	2320	5493
441	180000	3	1	1384	8960
442	619000	3	2.5	2720	6439
443	439000	4	2.25	2060	10070
444	330000	3	1.75	1510	15744
445	640000	3	2.5	2160	4000
446	900000	3	2.5	3180	12600
447	370000	3	2.25	2110	13300
448	290000	3	2.5	1610	2937
449	360000	4	2.5	1840	9611
450	372500	2	2.5	1400	2958
451	515000	4	3	3590	8249
452	1220000	4	2.25	3200	15367
453	507000	2	1.75	1670	6460
454	399950	4	2	2420	31465
455	185000	3	1.75	1430	10816
456	460000	3	1.75	1440	7070
457	435500	3	2.25	1450	4789
458	531000	2	3	1270	1175
459	340000	2	2.5	1100	1760
460	650000	3	2	1870	3388
461	533600	3	2.5	1930	5080
462	242000	3	1.75	1280	7524
463	425000	3	2.25	1820	8814
464	525000	3	2.25	1490	9414
465	485000	3	2.5	1880	5502
466	175000	3	1	1250	9775
467	210000	3	2	1440	7210
468	260000	3	2.5	1920	7415
469	200000	3	1.5	1210	10588
470	325000	3	1	990	6750
471	1040000	3	1.75	1900	9375
472	480000	4	2.25	3250	34293
473	218000	3	1	960	9633
474	565000	2	1.75	1330	6000
475	426700	3	1.75	2080	7700
476	650000	3	2.5	2690	11575
477	542000	2	1	890	3060
478	415000	3	1.75	1070	8000
479	214000	3	1	1200	8316
480	245000	3	1.5	1360	8910
481	314500	3	2	2050	13303
482	1120000	3	1.5	3000	5750
483	378000	2	2	1300	3850
484	595000	5	2.75	3740	6750
485	729500	3	2.5	1660	1091
486	430000	3	2.5	2360	6699
487	240000	3	1.75	1760	6500
488	530000	3	1.75	1320	2500
489	157000	1	1	870	26326
490	425000	4	1	1260	7645
491	220000	3	1	1000	6020
492	325000	3	1	1920	6862
493	337000	3	2.5	1470	3976
494	1000000	3	2.5	3180	10492
495	495000	3	1	990	6000
496	748000	4	3.5	2770	3330
497	888000	3	1.5	1250	8710
498	496500	4	2.5	2250	14440
499	331000	3	1.75	1300	9079
500	306000	3	1.5	1220	1086
501	655000	4	2.5	2630	4000
502	1250000	4	3.25	3160	5000
503	435000	4	2.5	1700	6380
504	865000	4	1.75	1800	4180
505	385000	3	1.75	1800	18000
506	497000	3	2.25	1870	9315
507	478500	3	1	2090	4755
508	1150000	4	3.5	4370	18361
509	222000	3	2	1440	7187
510	609900	4	2.5	3190	7399
511	413000	4	3.5	2380	5809
512	400000	4	1	1420	4875
513	320000	3	2.5	2680	7757
514	507000	4	2.5	2730	7649
515	387500	3	1	1220	8329
516	396000	3	1	1500	12616
517	373000	3	1.75	1830	11788
518	359900	4	2.25	2470	7698
519	690000	4	2.5	2900	23488
520	245000	3	2	1410	5760
521	268000	4	1.75	1680	9966
522	225000	3	1.75	1760	26055
523	980000	4	2.25	2240	11034
524	795000	2	1	1380	5000
525	130000	2	1	880	9000
526	325000	2	1	1060	5703
527	440000	3	1.75	1530	7245
528	550000	4	1.75	2480	14782
529	310000	3	1.75	1490	7150
530	530000	3	2.5	3660	39478
531	390000	4	2.5	2340	8548
532	243000	3	1.75	1450	12125
533	639000	4	2.5	2210	9875
534	215000	4	1	1130	7400
535	405000	5	1.75	1550	10500
536	250000	4	1.75	1710	7140
537	405500	3	1.5	1010	8108
538	452000	6	2.25	2660	13579
539	730000	6	2.25	2660	13579
540	267000	3	2	1300	9644
541	289950	3	2.5	1670	6186
542	565000	2	1	960	4080
543	320000	3	1.5	1650	9380
544	210000	2	1.75	1440	5680
545	245000	2	1	1050	5900
546	328000	3	1.75	1470	7650
547	985000	4	2.25	4230	37769
548	550000	3	2	2380	17950
549	347500	4	2.5	2156	3562
550	365000	4	2.25	2070	8893
551	588000	3	1	1910	8167
552	605000	3	1.75	1920	7400
553	1300000	3	3.25	3400	5979
554	233000	3	2	1400	9177
555	459000	2	1.75	1170	4887
556	305000	3	1	1160	9750
557	395000	3	1	1500	4000
558	560000	4	2.5	2940	6000
559	650000	4	1.75	2010	5070
560	517500	3	1.5	1430	5200
561	329999	3	1	1150	6908
562	950000	3	1.75	2150	4200
563	447000	3	1	1370	6001
564	699800	2	2.5	2380	6600
565	850000	3	1.75	1370	3850
566	316500	3	1.75	1600	14250
567	942500	5	3.5	3750	9612
568	1310000	2	2.25	3950	3938
569	565000	4	2.5	2440	22594
570	400000	3	2.25	1190	1149
571	374950	4	2.75	2730	4683
572	405300	3	2.75	2390	7939
573	824000	4	2.25	2490	9864
574	260000	3	1.75	1100	10968
575	760000	4	2.5	2430	6099
576	405000	3	2.5	3170	12750
577	429900	4	2.5	2640	8625
578	341500	3	1.5	1130	7223
579	465250	5	2	1940	7642
580	390000	3	1	1200	10800
581	420000	3	2.25	2000	8030
582	269950	3	2.5	1890	4838
583	493000	4	2	1910	2874
584	305000	3	1	1250	23680
585	320000	3	1.5	1240	1221
586	715000	4	1	2000	4800
587	650000	6	2.75	3610	10003
588	218000	5	1.75	1930	8040
589	232500	3	1.5	1940	9887
590	408200	3	2.5	1800	5761
591	675000	4	2.5	2810	11120
592	1360000	4	3.5	3550	11000
593	249950	4	1	1330	7980
594	210000	2	1	750	34133
595	429950	4	1	1760	7216
596	737500	4	2.5	3200	36276
597	710000	4	2	1740	9000
598	422120	3	2.5	1630	4534
599	625000	5	2.5	2990	15085
600	500000	3	2.25	1690	4964
601	308000	4	2.25	1960	12243
602	565000	3	2.75	2390	9966
603	581000	3	2.5	2600	4438
604	361000	3	2	1950	8698
605	345000	3	1	1250	7210
606	419000	2	2.25	1180	1253
607	347000	3	2.5	1680	4308
608	625000	4	2.25	2220	36085
609	379000	3	3.25	2660	17852
610	310000	3	1.5	1150	3323
611	250000	2	2	1130	5500
612	246500	3	2	1430	8919
613	325000	3	1	1490	57381
614	825000	3	1.75	2010	3090
615	175000	4	1	1300	6030
616	465750	3	1.5	1260	10350
617	659000	4	2.25	2610	24931
618	350000	3	2.25	1780	16290
619	270000	4	2.25	1900	8600
620	662500	6	2.25	2450	25600
621	249900	3	1.75	1380	14000
622	324500	3	1.75	1920	11340
623	430000	2	1.75	1350	4003
624	285000	4	1.75	2510	7440
625	282000	4	1.75	1660	10725
626	456500	4	3.5	2000	2309
627	352000	3	2.25	1640	11050
628	664000	4	2	1530	4080
629	628000	3	1.75	4000	11894
630	512000	3	1.75	1610	12555
631	254000	3	2	2070	9000
632	535800	4	2.5	1900	5790
633	287653	3	1	1050	16050
634	438000	3	2.5	1520	1304
635	450000	4	1.75	2390	23899
636	425000	3	1	1520	213444
637	166600	3	1.75	1150	8690
638	245000	1	0.75	380	15000
639	565000	3	1	910	5212
640	910000	3	3.5	2480	3200
641	280000	4	2.5	2050	7416
642	275000	3	2.25	1420	8549
643	467000	3	2.5	3460	6590
644	457500	3	2.5	1500	4445
645	381156	2	1	1320	3090
646	289999	5	2.5	2180	8240
647	469950	3	2.25	1620	8701
648	795000	3	2	2920	13650
649	785000	4	2.5	3300	10514
650	860000	3	2.25	3060	12095
651	147500	3	1	1530	8498
652	390000	3	2	1910	11576
653	229000	3	1	1020	8100
654	185000	3	1	1150	8100
655	200000	4	2	1920	4822
656	225000	4	2.25	1800	9350
657	720000	3	1.75	2040	4000
658	930000	4	2.5	2200	4000
659	1270000	5	2.5	3200	17204
660	700000	5	3.25	2400	3118
661	466000	2	1.5	1140	1058
662	374000	3	1.5	1330	10640
663	1010000	4	1	1820	5400
664	395000	4	2.5	2910	5000
665	340000	2	1	1090	6771
666	209000	3	2	1230	1340
667	730000	4	2.25	2190	9009
668	291500	3	1.75	1260	9600
669	905000	4	3.5	2970	14486
670	800000	4	2.5	2570	50308
671	200000	1	1.5	1010	1157
672	300000	3	2	1480	6698
673	314950	3	2.25	1654	8479
674	255000	3	1.75	1410	9315
675	550000	5	2.75	2160	5720
676	615000	4	2.25	2500	10062
677	205000	3	2	1410	8384
678	384000	4	1.75	2100	7135
679	324000	3	2.5	1750	7208
680	645000	3	1.75	2070	5500
681	324000	3	2.5	1920	5322
682	270000	2	1	1000	10320
683	290000	5	1.5	2120	7700
684	250000	3	2	1440	9220
685	342000	3	1.75	1660	16275
686	255000	3	1.5	1340	8450
687	800000	3	2.25	2380	11824
688	990000	4	2.5	2780	10480
689	288400	4	2.5	1860	6687
690	359000	2	2.75	1370	1140
691	390000	4	3	2570	262018
692	545000	5	2.5	2520	7863
693	288349	3	1	1250	18616
694	299900	3	2.25	1560	35026
695	891000	4	2	2330	5000
696	1200000	3	2	3660	22410
697	299995	2	1	1060	7200
698	350000	3	2.25	1580	47916
699	565000	4	3	2020	4300
700	315000	2	1	970	5665
701	570000	4	3	1490	6766
702	971000	5	3.5	4390	10140
703	260000	4	1.75	1810	7480
704	1320000	3	3	2230	12968
705	369950	3	1	2430	10720
706	1030000	3	2.5	3680	13384
707	435000	5	1	1410	6750
708	601000	3	1.75	1330	6743
709	851000	4	2.5	3130	13202
710	550000	4	3	2670	5000
711	700000	4	1	1980	4560
712	378000	4	1.5	2140	7920
713	650000	4	2	2208	5000
714	385000	3	2	1010	7380
715	425000	2	1	970	2970
716	210000	4	2	1520	6174
717	582800	4	2.75	2550	7636
718	532500	3	1.75	1330	5000
719	397500	3	1.25	1510	13737
720	524250	3	2.5	1710	3469
721	469500	5	2.5	2970	24759
722	216000	3	1	1280	8712
723	427200	3	1	1030	8400
724	280000	3	2.25	1900	7800
725	379000	2	1	930	5400
726	326100	2	1	880	7683
727	535000	3	2.5	1360	1016
728	260000	3	1	1480	7469
729	399000	4	1	1500	6388
730	640000	4	1.75	2060	9828
731	585000	4	2.5	2160	8158
732	645000	4	2	2780	11583
733	253000	3	2	1490	7651
734	178500	2	1	740	6460
735	199950	2	2.75	1590	20917
736	553500	2	1	850	2340
737	289000	3	2	1850	9550
738	258000	4	1.75	1730	8320
739	530000	3	2.5	1930	7214
740	245000	3	2.25	1422	3677
741	563000	3	2	1380	5000
742	325000	4	2.5	2610	7091
743	280300	2	1	920	5000
744	460000	4	1.75	1750	5500
745	475000	3	1.75	2020	8970
746	429000	2	1	1080	3600
747	164808	3	1	1250	5411
748	520000	4	2.25	1870	7700
749	475000	3	1.75	1700	8432
750	283000	4	1.5	1480	47045
751	321500	4	2.5	1930	6228
752	840000	4	2.75	3130	21810
753	287000	3	2.25	1370	6000
754	375000	3	1.75	960	8106
755	349500	3	1.75	1260	7128
756	446450	3	1.5	1480	7749
757	315000	4	2.5	1930	9643
758	271310	2	1	870	5340
759	245000	3	1.75	1490	6930
760	543115	2	1	1380	5484
761	900000	4	2	1190	8190
762	2450000	4	4.25	4250	6552
763	554000	2	2	1920	6045
764	249900	3	1.75	2080	12522
765	980000	4	3	3680	5854
766	395000	5	2.5	2070	9600
767	415000	3	1.75	1480	2200
768	380000	4	2.5	2000	6921
769	566000	3	2.5	1560	5259
770	512031	3	1.75	1540	3000
771	470000	3	2.25	1780	8784
772	465000	4	2.25	2210	8862
773	499000	2	1.75	2040	114562
774	410000	3	2	1700	4250
775	850000	4	3.25	3450	6500
776	648000	4	2.5	2380	13435
777	620000	4	2.25	2400	5350
778	935000	4	4.5	5670	84267
779	379000	3	1	1140	10320
780	528000	4	2.25	1910	8005
781	425000	3	1.75	1560	9452
782	249500	2	1.75	1500	8645
783	1040000	5	3.25	4475	6642
784	790000	4	2.75	2840	11900
785	399950	3	1	1020	18050
786	275000	3	1.5	1410	9000
787	140000	1	1	730	6890
788	250000	3	1	1190	6250
789	318000	3	2.25	1410	8909
790	505000	2	1	1240	57000
791	470500	5	2.5	2500	9248
792	360000	3	1	1050	9206
793	1240000	4	2.75	2680	8500
794	986000	3	2.5	2380	16080
795	515000	2	1	1060	4228
796	320000	3	1.75	2300	41900
797	310000	4	3	2010	7426
798	775000	4	1.75	2320	5595
799	325000	3	1	1040	7541
800	208000	4	2.75	1810	8677
801	825000	2	1	1150	12775
802	515000	3	2.5	2360	11254
803	490000	3	1.5	1970	3400
804	675000	4	3	2690	28300
805	360000	4	2.5	2080	4080
806	550000	4	2.5	2080	4080
807	225000	3	1.5	1370	9000
808	500000	3	2.75	3410	9360
809	385000	4	2	1850	11700
810	837700	5	2.75	3010	12611
811	448000	3	2.25	1530	3056
812	575000	4	1.5	2810	7140
813	430000	3	1.75	1810	7300
814	435000	3	2.5	1560	3987
815	241000	3	1	1010	9611
816	453500	2	1.75	1000	1760
817	285000	2	1.5	990	1380
818	1570000	5	4.5	6070	14731
819	631000	5	2	2270	2400
820	817500	4	2.5	2910	35679
821	550000	3	2	1810	12825
822	609850	2	2.75	1910	1369
823	200000	3	1	1230	4380
824	367000	4	2.5	2960	6219
825	285167	3	2.25	2200	8375
826	275000	2	1.5	1270	32175
827	350900	4	2.5	2540	12843
828	660000	4	3.25	3030	9273
829	262000	4	2.5	1560	7800
830	690000	2	1	970	4560
831	552500	4	3.5	3710	10400
832	224500	4	1	1430	8355
833	239000	3	1	940	8571
834	975000	5	4.5	4300	12250
835	1200000	4	1.75	3990	13470
836	505000	3	1	1380	4000
837	302000	4	1.75	2020	7865
838	195000	2	1	1190	27007
839	272000	5	1.5	2550	6300
840	369000	5	1.5	2550	6300
841	332500	3	1.5	1500	6332
842	515000	3	2.5	3000	8250
843	269000	3	1	1690	4250
844	303000	3	2.5	1560	4100
845	420000	7	3	2940	8624
846	400000	3	1	1130	4100
847	225000	3	1	1020	8437
848	219000	2	2	1310	2550
849	605000	3	2.5	2570	9487
850	625000	4	2	2020	6867
851	380000	5	2	1680	3240
852	620000	4	2	1770	7700
853	687500	4	2.75	3190	10970
854	225500	4	2	1440	7950
855	252500	3	2	1150	6000
856	510000	3	2.5	1860	3658
857	510000	4	2.5	2430	5203
858	725000	3	2.5	1940	4000
859	75000	1	0	670	43377
860	492000	2	1	880	2970
861	1960000	4	2.75	3120	7898
862	699000	4	2.5	3230	40319
863	310000	2	1	700	3000
864	350000	3	1.75	1010	8580
865	315000	3	2.5	1570	2865
866	267500	5	3.5	2390	6600
867	435000	6	3.5	2400	8620
868	482500	6	4.5	2940	7500
869	460000	3	3	1520	7500
870	290000	2	0.75	440	8313
871	274700	4	2	2440	9600
872	900000	4	2.5	2660	3672
873	605000	3	2.5	2010	3667
874	850000	3	1.75	1400	9900
875	505000	3	2	1500	2500
876	565000	3	2.5	2500	7394
877	328000	4	3.25	3380	7500
878	749950	4	2.75	2910	18700
879	875000	3	3.5	3250	6000
880	902000	4	2.25	2530	9200
881	423000	3	1	1830	13900
882	235000	3	1	1170	11100
883	545000	2	2	2930	14057
884	343000	2	1	1230	7560
885	334950	3	2.5	1620	2930
886	405000	3	1.75	1760	5355
887	220000	4	1	1440	8250
888	655000	3	1	1270	3600
889	406000	2	1	880	3000
890	632000	6	2.5	2560	8320
891	357000	5	2.75	1540	4000
892	361000	3	1.75	1150	17585
893	277000	2	1	770	8149
894	630000	4	3.75	4610	40202
895	472800	3	2.25	1840	8400
896	263000	3	1.75	1490	3800
897	179950	3	1	960	10125
898	479000	3	2.5	1260	889
899	651000	3	2	1940	6440
900	949000	4	1.75	2490	7834
901	392400	5	2.5	2520	27951
902	585000	4	1.75	1760	5356
903	470000	3	1	1170	4400
904	245000	3	2.5	1600	4271
905	500000	4	2	2760	27631
906	455000	3	2.5	2090	8653
907	485500	4	2.5	2320	3974
908	307000	3	1.75	1410	16105
909	475000	4	3.5	3660	14401
910	130000	3	1	1110	7520
911	320000	3	2.5	2280	7417
912	234000	3	1.5	1200	11935
913	211000	4	2	1710	8288
914	457000	4	3	2800	7845
915	349000	3	2.25	1640	7261
916	350000	4	2.5	2530	10155
917	208000	3	1	990	7420
918	250275	2	1	790	11234
919	435000	2	1	790	11234
920	270000	3	1.75	1800	7763
921	438000	3	1.75	1650	12940
922	685100	4	2.5	2790	5423
923	350000	7	3	2800	9569
924	375000	2	1	1840	81892
925	170000	3	1.5	1350	81549
926	880000	4	2.5	3030	3841
927	410500	4	2.5	1980	5000
928	317000	3	2	1760	11410
929	399000	5	2	2620	7030
930	495000	5	2.75	2630	10165
931	258000	3	1.75	2270	9000
932	265000	3	2.75	1120	881
933	321000	5	2.75	3030	7000
934	682000	5	2.25	2120	4000
935	295700	4	2.5	1720	5805
936	609000	4	2.5	2150	37981
937	995000	3	4.5	4380	47044
938	530000	3	2.25	2010	11817
939	614000	5	2.5	3150	5150
940	390000	3	2.5	2500	21780
941	467000	3	2.5	1690	6642
942	484000	6	2.5	3300	13501
943	340000	3	2.5	1240	1115
944	302495	3	2.5	2200	7201
945	532500	3	1.75	1620	3360
946	441500	3	2.5	2420	9592
947	2300000	4	3.25	4250	8570
948	750000	2	2.5	2630	7957
949	831000	4	3	2170	4000
950	403000	3	2.5	1700	4125
951	445000	3	2.5	2470	4565
952	2260000	3	3.5	3110	14872
953	371025	3	2	1530	8925
954	355000	2	1	960	6250
955	270000	3	1	1240	14110
956	425000	4	2.75	2440	15349
957	325000	4	2.5	2963	5797
958	350000	3	2.25	2470	10290
959	550000	3	1	1130	7500
960	420000	3	1	1150	5120
961	389250	2	1.5	1490	4080
962	748000	3	2.5	2600	10183
963	284000	3	1.75	1530	9600
964	588000	4	2	1680	5000
965	372500	3	1.75	1680	8648
966	275000	3	1	1370	17859
967	428000	2	2	1350	4225
968	847000	6	2.5	3010	17864
969	316000	3	1	1010	7838
970	533000	3	1	1670	4080
971	556000	5	2.5	3840	16905
972	537250	4	2.5	2590	9530
973	255000	3	1	1180	13650
974	530000	4	2.5	2950	4836
975	595000	3	2.75	2150	31238
976	548000	4	2	2100	8880
977	234975	3	1.75	1650	8073
978	600000	3	1.75	1620	1325
979	432000	4	1	1750	12528
980	455000	3	1.5	1380	6657
981	267500	3	1.5	1600	9072
982	110000	2	1	830	7590
983	625000	3	3.5	1810	1846
984	389000	2	1	910	7000
985	1200000	4	2	2120	3360
986	788500	4	2.25	2510	133729
987	515000	2	2.25	2690	15000
988	430000	4	3.75	2452	4800
989	567500	3	2.5	2080	4556
990	495000	2	1.75	1850	2530
991	825000	4	2.5	3370	5000
992	435000	4	2.25	2730	7506
993	445950	3	1.75	1300	7800
994	780000	4	3	2440	3600
995	274500	3	2.25	1720	9000
996	729953	5	3	3230	5167
997	464950	3	1.5	1200	890
998	620000	4	1.75	2350	18800
999	735000	4	3.5	3100	5600
1000	450000	4	2.25	2040	9565
1001	842500	4	2.5	2160	5298
1002	461000	3	2.25	1850	7923
1003	345000	2	1	1350	4494
1004	1080000	3	2.5	3280	10302
1005	690000	4	2.5	2820	8307
1006	549000	3	1.75	2000	6130
1007	815000	3	2	2310	6000
1008	2200000	5	4.25	4640	22703
1009	700000	3	2.25	2330	11424
1010	933399	3	2.5	3940	10360
1011	290000	3	1	1440	11250
1012	372000	4	1.75	1960	9300
1013	672000	4	2.5	2440	10049
1014	334000	4	1.5	1150	9360
1015	260000	2	1	1120	5650
1016	330000	4	2.25	2380	122038
1017	1130000	3	2.25	2790	13791
1018	225000	3	2	1700	11475
1019	279200	1	1	640	6350
1020	520000	4	3.5	2680	10000
1021	505000	3	2.5	1860	8060
1022	234000	3	1.75	1490	8366
1023	503000	4	2.5	2470	5044
1024	606000	4	2.25	2390	8858
1025	433500	3	1	1230	6000
1026	250000	3	1.5	2840	10182
1027	719000	3	2.5	2120	9307
1028	267000	3	2.5	2495	4400
1029	275000	1	0.75	1170	14149
1030	651000	4	2.5	2740	7140
1031	439000	2	1	1050	5671
1032	325000	2	1	1130	5070
1033	490000	2	1	880	6380
1034	519900	4	2.5	2403	6172
1035	545000	4	2.75	3410	35040
1036	1060000	4	4	5320	20041
1037	465000	4	1.75	1810	21650
1038	253000	3	1.75	1250	10122
1039	280000	2	1	910	4662
1040	658588	3	2.25	2560	41346
1041	635000	4	2.25	1920	8910
1042	439000	4	2.25	2240	8300
1043	300000	3	2.5	1260	3855
1044	345000	3	1.5	1360	13496
1045	283500	4	2.25	2100	8050
1046	425000	2	1	2110	4920
1047	685000	3	1.75	2210	8955
1048	750000	3	2.5	2360	12987
1049	245000	4	1.5	1280	8000
1050	585444	6	3.75	2740	6924
1051	706000	4	2.5	2740	7571
1052	445000	4	2	2630	9099
1053	241000	3	2	1650	6000
1054	1180000	2	2.5	1770	7155
1055	350000	3	1.5	1430	12199
1056	1700000	4	3.75	3190	17186
1057	799000	4	2.75	2390	6820
1058	1400000	4	2.5	4040	9630
1059	340895	2	1	920	8612
1060	350000	2	1.5	1320	73600
1061	470000	3	2.5	2620	4874
1062	914600	4	3	3180	80837
1063	470000	5	2	1900	6000
1064	715000	3	2	1760	5400
1065	2540000	4	3	3710	20000
1066	640000	3	1	1530	4944
1067	535000	3	2	2040	5600
1068	907000	3	1.75	2170	12220
1069	1360000	3	2.5	3600	21399
1070	264950	3	1.5	1470	11599
1071	352950	3	1	1760	3000
1072	491500	3	2.25	2230	13100
1073	1230000	4	3.5	3770	37034
1074	369500	3	1	1200	9194
1075	566000	3	2.5	2090	6294
1076	290000	3	2.25	1500	7308
1077	5350000	5	5	8000	23985
1078	180000	3	1	870	5330
1079	302000	2	1	1010	6000
1080	352500	3	1.75	1860	7881
1081	235867	4	2	1330	5926
1082	500000	3	2.25	1760	11946
1083	515000	5	2.5	1690	2402
1084	250000	1	1	660	2600
1085	672500	3	2.25	2400	5300
1086	755000	3	2.25	3020	13031
1087	707500	3	1	1500	2555
1088	459000	4	2	1560	3840
1089	140000	3	1	1090	10620
1090	495000	2	1	970	4284
1091	359000	4	1.5	1890	6052
1092	440000	3	1	1050	7500
1093	400000	4	1.5	1390	7200
1094	652000	3	2	1700	4080
1095	519500	4	2	1540	17859
1096	650000	3	1	1710	5992
1097	280000	4	2.25	2100	8075
1098	400000	3	2.25	1500	2692
1099	652100	3	2.5	2380	5017
1100	235000	6	3	2180	7956
1101	701000	4	1.5	1840	10080
1102	640000	4	2.5	2341	9594
1103	455800	3	2.5	1690	4584
1104	504750	3	2.5	2490	21937
1105	530000	3	0.75	920	20412
1106	250000	2	1	1030	8786
1107	229950	5	2.75	2000	5885
1108	884744	4	3.5	4210	9414
1109	532000	3	2.25	1910	35015
1110	423000	4	2.5	2660	5539
1111	521000	3	1.75	1730	18250
1112	577000	4	2.25	2360	7490
1113	425000	3	1	970	8040
1114	495000	4	2.5	2460	4862
1115	340000	3	2.5	2690	8577
1116	499950	3	3.5	1820	1991
1117	1220000	4	3	3470	4750
1118	720000	4	2.75	3370	7634
1119	249000	3	1.5	1700	8247
1120	206135	3	1	1340	11070
1121	300000	5	2.75	2000	9276
1122	1100000	5	2.5	3890	27311
1123	230000	4	2	1220	9100
1124	850000	3	1	2280	4600
1125	355000	4	2.5	2770	7000
1126	442000	4	2.5	2520	7253
1127	360000	4	2.5	2390	7115
1128	413000	5	2.5	2900	8711
1129	190000	2	1	700	9500
1130	621138	3	2.25	2180	7741
1131	270000	3	2.25	2080	4252
1132	610000	4	2.25	2090	35040
1133	500000	3	2	1720	5525
1134	715000	4	2.25	2460	40635
1135	264000	3	1.5	1470	14821
1136	550000	3	1.75	1650	3200
1137	405000	4	2.5	2030	9095
1138	775000	4	2.5	2540	28563
1139	425000	3	2.25	1570	7475
1140	713000	5	2.75	2580	9242
1141	555000	5	2.5	2090	8712
1142	810000	4	2.5	3260	5608
1143	1250000	4	3.75	3830	41263
1144	819000	3	3.5	2130	6150
1145	409900	3	2.5	1690	1200
1146	657500	4	1.75	1620	7560
1147	900000	6	3.75	4210	6105
1148	932800	5	3.25	2980	7095
1149	420000	4	2.5	2110	9825
1150	1300000	6	3.5	6563	32670
1151	350000	3	1.75	1830	9425
1152	375000	2	1	1230	1820
1153	860000	3	1.75	2180	14135
1154	495000	4	2.25	2220	8872
1155	365000	4	2.25	1990	21312
1156	150000	2	1	1100	7200
1157	450000	4	1.75	1640	1480
1158	355000	4	3	2590	7213
1159	245000	3	2	1450	9333
1160	299000	4	2.5	1820	7575
1161	957500	4	2.25	2360	11523
1162	343000	3	1	1120	7250
1163	307500	3	2.25	1646	7364
1164	937500	5	3.75	4210	14599
1165	610000	3	3	2480	45302
1166	720000	3	1.5	1590	7080
1167	434500	3	1.75	1650	7965
1168	607010	4	2.5	2180	4000
1169	828500	4	2.5	3720	35000
1170	199990	3	1	1100	8560
1171	797000	3	3.5	3500	9473
1172	539950	5	3	3100	5250
1173	525000	4	2.5	2400	10070
1174	303000	3	2.5	1850	4957
1175	722080	3	3.25	3680	7650
1176	140000	3	1	1060	7473
1177	235000	3	1	1060	7473
1178	440000	3	1	1610	5500
1179	605000	3	1.75	2330	6000
1180	380000	2	1	1210	4800
1181	352000	4	1	1530	8890
1182	420000	4	2.25	2270	12000
1183	1380000	3	1.5	1850	10572
1184	300000	3	1.5	1500	14750
1185	1150000	4	3.25	4740	49091
1186	453500	2	1.5	1710	4189
1187	443500	3	2	1920	7598
1188	332000	2	1	1150	8138
1189	655000	3	2.5	2320	4721
1190	475000	4	1	1420	6000
1191	372500	3	1.75	1550	12956
1192	1050000	4	2.5	2920	7200
1193	900000	6	2.75	2300	24773
1194	451101	2	1.5	1510	1962
1195	455000	4	1	1340	5800
1196	650000	4	2.5	3350	46748
1197	800000	4	2.25	2350	10664
1198	703770	4	2.25	2550	12918
1199	512000	2	2	1270	3881
1200	780000	5	2.5	3480	74052
1201	336000	3	2.25	2820	11625
1202	537500	4	2.5	2550	4630
1203	425000	3	1	1550	4160
1204	290000	3	2	1760	6600
1205	349500	3	2	1270	3600
1206	370000	3	2.75	1250	1655
1207	549500	3	1.75	1620	8438
1208	208000	3	1.75	1070	7200
1209	550000	4	2.5	1670	5116
1210	750000	3	2.75	3010	206910
1211	169317	2	1	790	4000
1212	1200000	4	3.5	3400	3850
1213	880000	2	1	1530	6350
1214	210000	1	1	930	7129
1215	180500	3	1.5	1540	9800
1216	540000	4	2	1990	29078
1217	520000	3	1.75	2300	35722
1218	177500	3	1.5	1220	6000
1219	415000	3	1.75	2380	5650
1220	495000	4	2.5	2020	7200
1221	325000	3	2.25	1890	9646
1222	440000	2	1.75	1330	4903
1223	411000	3	1.75	1490	9844
1224	810000	5	3.5	3550	9600
1225	561750	5	1.75	2040	8996
1226	835100	4	2.5	2380	12573
1227	450000	3	2.25	1780	9969
1228	299000	3	1	1510	142803
1229	570000	2	1	1100	6240
1230	340000	3	1.75	2190	12626
1231	450000	2	1.75	1760	2275
1232	520000	4	2	2000	6380
1233	231500	2	1	1200	9488
1234	330000	4	2.5	3504	6000
1235	425000	4	2	1330	9188
1236	335000	4	2.5	2240	9701
1237	342000	3	3	1260	1251
1238	490000	8	5	2800	2580
1239	331500	4	1.75	1820	14319
1240	960000	3	2.5	1730	4102
1241	720500	4	2.5	3350	35298
1242	662990	3	1.75	1240	3600
1243	220000	4	2	2340	10507
1244	349950	5	2	1880	4179
1245	396000	3	1.75	2340	5668
1246	293000	3	1	1020	7650
1247	339000	3	2.25	2090	10120
1248	285000	4	2.25	1830	8734
1249	775000	6	2.75	2980	5000
1250	224000	4	1.5	1600	9289
1251	2250000	4	3.5	4440	8125
1252	1230000	4	2.5	3040	7000
1253	390000	3	1.5	1610	13500
1254	470000	3	2.25	2220	9800
1255	510000	2	1.75	1210	131115
1256	467000	2	2.5	1140	1181
1257	576000	4	2.5	2440	28405
1258	825000	4	2.5	3210	18901
1259	281000	2	1	930	2600
1260	326000	3	2.5	1782	1577
1261	440000	5	1.75	3690	36036
1262	749000	4	2.5	2930	18199
1263	270000	3	2.25	1520	7930
1264	600000	2	1	1040	3600
1265	219900	4	1.5	1120	5427
1266	617000	3	1.75	3020	360241
1267	365000	3	1.5	1640	8301
1268	429000	4	2.5	2650	9301
1269	453000	3	2.5	1820	16300
1270	520500	6	2.5	1880	14350
1271	799000	4	3.25	3120	5000
1272	338000	3	2.5	2470	4948
1273	360000	2	2	1180	3200
1274	442500	6	2.5	2800	10490
1275	700000	4	1	1300	1651359
1276	830000	5	3	3040	9601
1277	345000	3	1	1340	9339
1278	300000	3	1.75	1830	51836
1279	264000	3	1.75	1760	7482
1280	435000	3	2	2660	16677
1281	200000	3	1.5	2060	15837
1282	620000	5	2.5	2540	3832
1283	337000	3	1.75	1400	6000
1284	1930000	4	3.25	4280	20296
1285	544500	4	2.5	2230	10414
1286	252000	1	1	680	1638
1287	445000	4	2.5	2340	3784
1288	189950	4	2	1910	4225
1289	785000	3	2.5	2930	33981
1290	372000	4	2.75	2610	8967
1291	445000	5	3	3880	7180
1292	508000	4	2.25	3320	53392
1293	397000	3	2	1710	134489
1294	416000	3	2.5	1790	11542
1295	490000	2	1	950	3060
1296	480000	6	3.75	2940	5054
1297	1040000	3	2.5	4570	10615
1298	545000	3	2.5	2370	9000
1299	850000	5	2.75	3430	15119
1300	600000	3	2.25	2240	9314
1301	535000	4	2.5	2710	12138
1302	531000	5	2.75	2540	5022
1303	530000	4	2.25	2210	7665
1304	805000	4	2.5	3450	33460
1305	390000	4	1.75	2330	8364
1306	487250	4	2	1690	3250
1307	2350000	4	2.25	4370	22863
1308	400000	4	2.5	2350	3904
1309	467500	4	2.5	3160	7210
1310	210000	3	1	1340	306848
1311	300000	3	1	1010	10168
1312	327500	3	2.25	1770	8755
1313	269000	3	2	1210	7136
1314	883000	4	2.5	2960	41656
1315	190000	2	1	840	12252
1316	443000	3	1.75	1530	8028
1317	285000	4	2.25	2150	8250
1318	901000	4	3.25	1560	4080
1319	552500	3	1.75	2040	5775
1320	256000	2	1	860	5000
1321	341000	3	1.5	1720	7119
1322	279000	4	2.25	2090	8941
1323	686000	4	2.25	2130	10650
1324	225000	2	1	1300	11867
1325	215500	2	1.75	1220	15600
1326	503000	4	2.5	2940	156988
1327	212000	4	2	1880	7500
1328	206000	4	2	1720	7560
1329	615000	3	2.5	2250	10171
1330	1140000	4	3.25	4130	11444
1331	330000	5	2.5	2600	3839
1332	240000	4	1.5	1920	7973
1333	574000	3	2	2060	7000
1334	850000	4	3	2720	183823
1335	415000	3	1.5	1490	7275
1336	480000	3	2.5	2360	9005
1337	439000	4	2.25	2570	9503
1338	450000	3	1	1160	36831
1339	589000	3	2.5	2660	206480
1340	477000	3	2.25	1260	3000
1341	587500	4	2.25	1780	6120
1342	1320000	4	2.25	3180	6105
1343	275000	2	1	1180	6552
1344	367500	3	1	1660	11783
1345	453250	4	2.5	2260	6300
1346	607000	5	1.75	1910	5428
1347	255000	4	2	2430	8960
1348	450000	3	1	1060	4650
1349	360000	3	2.25	2200	8000
1350	460000	4	1.75	1720	3050
1351	753000	3	1.75	2360	8290
1352	389950	2	1	820	4234
1353	469000	2	1	1030	4400
1354	550000	4	1.75	2030	5688
1355	565000	5	3.5	2700	11675
1356	189650	2	1.75	1100	7600
1357	1530000	4	3.25	3620	5131
1358	260000	3	1.75	1340	8000
1359	243000	3	1.75	1790	12000
1360	1100000	4	2.5	3830	13800
1361	824500	4	2.5	2610	3500
1362	762500	4	2.75	2610	8760
1363	580000	3	2.5	1740	1280
1364	380000	3	2	1840	8580
1365	1570000	5	4.5	5620	5800
1366	353500	4	2.25	1760	9602
1367	500000	4	2.5	2230	26989
1368	386500	3	1.75	1520	7350
1369	439500	3	2.5	1600	6510
1370	315000	5	2.5	3220	5751
1371	339000	4	2.5	1830	8601
1372	655000	4	2.25	2200	9163
1373	740000	2	2.5	2170	8678
1374	685000	5	2.5	1900	7843
1375	550000	5	2.5	2960	9877
1376	405000	2	1.75	1710	4234
1377	625000	3	2	2140	3600
1378	207000	4	2.5	2100	19680
1379	370000	4	2.5	2100	19680
1380	475000	3	2.5	1460	4961
1381	365000	2	1	990	8250
1382	411800	4	2.25	2190	6800
1383	247500	4	2	2460	5921
1384	616300	3	2	1700	8400
1385	348000	3	1.5	1330	6768
1386	425000	3	2.5	1630	10762
1387	820000	5	2.75	2830	6137
1388	832000	4	2.25	3190	52953
1389	835000	3	1.75	1490	3840
1390	350000	3	2.5	1630	3425
1391	1130000	6	3.75	3010	4360
1392	320000	3	2.5	1590	3480
1393	150000	3	1	1250	7210
1394	340000	3	1	1710	10190
1395	785500	4	4	3280	8448
1396	410500	4	2.5	3362	8601
1397	580000	3	2.5	2200	11000
1398	345000	2	1.5	830	920
1399	550000	3	2.25	2160	37000
1400	449500	4	3	2580	7299
1401	300000	3	1	2150	7007
1402	915000	4	2.5	3510	28052
1403	1580000	4	3.75	3810	9916
1404	599000	4	2.75	2020	2750
1405	755000	4	2.5	2120	10202
1406	400000	3	1	1250	7157
1407	133000	3	1	980	9115
1408	485000	4	2.75	2560	8956
1409	470000	4	2.5	1850	11250
1410	548800	4	1	1660	4704
1411	315000	2	1	1080	2674
1412	590000	3	2	3030	9374
1413	439950	4	2.5	2380	12067
1414	400000	2	1	880	5111
1415	685000	4	2.5	2770	10051
1416	339950	3	2	1340	10200
1417	315000	3	1.75	1660	8160
1418	411753	3	2.5	1710	3795
1419	577000	2	1.75	1620	4879
1420	210000	3	2	1440	10111
1421	640000	4	1.75	2020	16120
1422	460000	4	1.75	1870	8663
1423	265000	2	1	620	4760
1424	740000	5	5	5774	31675
1425	230000	3	1	1240	6195
1426	315000	3	1.75	1890	10661
1427	432000	3	1.75	2410	51763
1428	467000	3	2.5	1530	3984
1429	255000	5	3.75	2800	9900
1430	190000	4	2	1580	6250
1431	490000	3	2	1450	2400
1432	378000	4	1.75	1990	23200
1433	598800	6	4	4470	17877
1434	333800	5	3	1980	3868
1435	690000	4	2.5	2920	9904
1436	320000	4	1.75	1660	6200
1437	1250000	4	3.5	3190	6000
1438	335000	3	1.5	1560	9600
1439	840000	3	2.5	3050	33920
1440	608250	4	2.75	3030	21780
1441	550000	3	2.5	2260	4165
1442	240000	3	1	1260	7920
1443	998000	3	2.25	3370	11757
1444	275000	3	1.75	1490	8000
1445	284200	3	2.5	1570	9292
1446	1720000	4	3.75	4490	7623
1447	2400000	4	3.75	4090	24825
1448	930000	4	3	2900	10400
1449	480000	2	1.5	1008	26487
1450	483945	2	1.75	1480	5120
1451	347000	3	1.75	1240	8050
1452	232500	3	2	1370	9760
1453	390000	4	2.25	1770	33132
1454	590000	4	2.5	2340	8971
1455	345000	4	2.5	2280	8190
1456	429800	3	2	1970	7000
1457	302000	4	1.75	1530	17664
1458	800000	4	1.5	1790	3952
1459	250000	3	2.5	1700	6000
1460	605000	3	2	2660	4500
1461	412000	3	1.75	1950	52256
1462	252000	3	2	1340	5670
1463	471750	5	3.5	3790	8200
1464	490000	4	2.25	2020	85813
1465	439000	2	1	800	5100
1466	355000	4	2	1770	8890
1467	250000	1	0.75	940	87120
1468	780000	4	2.25	2260	16188
1469	409000	2	1	890	3271
1470	420000	2	1	860	3880
1471	200000	1	0.75	680	9600
1472	830000	2	1.5	2130	35679
1473	695000	3	2.5	2390	4555
1474	815000	4	2.75	3488	9614
1475	210000	3	1.75	1260	6223
1476	562500	4	2.5	2440	7322
1477	402500	4	2.5	2600	11951
1478	310000	3	1	1990	7173
1479	500000	4	2.5	2840	18001
1480	430000	6	3	2630	8800
1481	1600000	3	4.25	2820	7200
1482	627500	4	1	1560	4080
1483	335000	4	2.5	2330	7050
1484	962000	4	2.25	3320	20100
1485	299000	3	1.75	1730	14270
1486	399950	4	2.5	3110	5868
1487	430000	2	1.5	950	4625
1488	307000	3	1.75	1890	13860
1489	194000	3	1.5	1010	5000
1490	180000	3	1	1010	8581
1491	722500	4	2.5	2460	9296
1492	470450	2	1	1010	3400
1493	176250	4	2	1440	6702
1494	560000	5	1	1710	9100
1495	830000	3	2.5	2760	11287
1496	276900	2	1	1350	10096
1497	463500	1	1	1090	8750
1498	272000	3	2	1380	7476
1499	305000	2	1	1290	3140
1500	387500	2	1	870	6126
1501	352000	4	2.5	2470	5015
1502	507000	3	1.75	2140	40098
1503	156000	3	1	770	9750
1504	630000	4	2.5	2510	35020
1505	275000	5	1.5	1950	9000
1506	835000	5	4	3600	14720
1507	340000	4	2.5	2380	7850
1508	329350	2	1	720	6687
1509	1480000	3	3.5	4070	26000
1510	475000	3	1	1250	150117
1511	719950	3	2.25	2190	2416
1512	235000	1	1	810	2451
1513	875000	3	1.5	2440	5750
1514	380000	4	1.75	1740	9150
1515	325000	3	2.25	1480	97138
1516	210000	2	2	1190	7570
1517	505000	3	2.5	2100	17882
1518	464900	4	2.25	2020	8424
1519	650000	3	2	2520	5980
1520	369950	2	2.75	1370	1140
1521	250000	3	2.5	1530	2890
1522	320000	3	2.5	1530	2890
1523	2530000	4	4.25	5040	16048
1524	340000	4	2.25	2530	24700
1525	440000	2	1.5	1010	1968
1526	399950	4	1.5	1850	6125
1527	528000	4	1.75	1860	9750
1528	545000	4	1.75	1940	8990
1529	575000	2	2	1680	6194
1530	235000	4	2.75	1770	10184
1531	272000	3	2.5	1790	6371
1532	380000	4	1.75	1720	9600
1533	195000	3	1	1280	6967
1534	297000	3	2.5	1690	4988
1535	349000	4	2.5	2190	7294
1536	320000	2	1	710	5200
1537	439900	2	2	1410	12282
1538	429000	3	3.25	2210	3600
1539	462000	5	2	1380	4300
1540	550000	3	2.5	1900	3255
1541	150000	3	1	1240	5200
1542	460000	3	2.5	1730	8490
1543	632500	4	2.5	2090	10306
1544	361000	3	1.75	1650	11220
1545	370000	6	2.75	3240	5750
1546	884250	4	2.5	3840	12151
1547	235000	2	1	870	5000
1548	767500	6	3.5	2410	6000
1549	1200000	3	1.75	1560	8078
1550	715000	3	2.5	2410	46609
1551	417000	4	2.25	2300	7700
1552	199000	3	1	1390	12145
1553	545000	4	1.5	1370	3708
1554	192500	2	1	950	7692
1555	822500	3	2.5	3090	7708
1556	800000	4	2.5	2390	10000
1557	3850000	4	4.25	5770	21300
1558	295000	3	2.5	1460	7936
1559	750000	4	2.75	3430	13907
1560	502000	4	1.5	1700	8400
1561	1030000	3	1.75	2640	8000
1562	398500	3	1	1200	15960
1563	700000	2	1.5	1850	4945
1564	248000	5	1.5	1510	9078
1565	383000	4	2.5	2640	8055
1566	688000	4	3	3000	4000
1567	521000	3	2	1870	5455
1568	365000	2	1	990	9223
1569	491000	3	2	2005	7000
1570	643000	3	2.75	2030	7700
1571	583500	4	1	1530	3900
1572	310000	3	2.5	1990	3600
1573	310000	3	1.75	1420	7650
1574	280000	3	1	1400	13975
1575	272000	4	2.5	1870	5692
1576	870000	4	3	3040	36246
1577	307000	3	2	1790	7259
1578	490000	2	1.5	1590	4500
1579	399950	3	2	2050	9396
1580	1640000	5	3.5	4220	26784
1581	491500	4	2.75	2100	7236
1582	345000	3	2.25	2120	15003
1583	852000	3	3	2400	4000
1584	585000	5	3.5	3180	40946
1585	723000	4	2	2790	8793
1586	594000	3	2.25	2080	70567
1587	405000	2	1.5	1370	4102
1588	725500	4	2.5	2790	74495
1589	800000	2	1	1740	5719
1590	180500	3	2.5	1800	8518
1591	325000	3	2.5	1800	8518
1592	235000	3	1.75	1190	7280
1593	330000	2	1	860	8308
1594	678500	3	2	2460	6600
1595	250000	2	1	670	4640
1596	185000	3	1	980	9135
1597	1740000	4	2.25	3040	5000
1598	251700	3	2.25	1810	11800
1599	400000	4	2	1560	8250
1600	1700000	5	2	2500	15250
